{
 "ballistic": {
  "t": 257.9999999999939,
  "x": 412486.9793244467,
  "h": 69913.80877836313,
  "v": 1805.7374222548533,
  "vh": -1202.5842025054367,
  "m": 58000.0
 },
 "entry": {
  "t": 287.7999999999922,
  "x": 442141.70181486005,
  "h": 39851.58918099275,
  "v": 976.3680382389549,
  "vh": -754.2467138881926,
  "m": 41610.123004895555
 },
 "glide": {
  "t": 430.19999999998413,
  "x": 492529.67794858845,
  "h": 2002.8935937276117,
  "v": 216.89594718845922,
  "vh": -199.5702985367434,
  "m": 41610.123004895555
 },
 "gamma_at_70km": -41.8,
 "gamma_glide_exit": -66.9
}